Phase,Team Result,Total Runs,Innings,Average Runs
Powerplay,Winner,20696,356,58.13483146067416
Powerplay,Loser,18337,356,51.508426966292134
Middle overs,Winner,32548,356,91.42696629213484
Middle overs,Loser,29362,356,82.47752808988764
Death overs,Winner,13298,319,41.68652037617555
Death overs,Loser,12863,342,37.611111111111114
