Group,Matches,Wins,Win Rate
Toss winners,356,180,0.5056179775280899
Toss losers,356,176,0.4943820224719101
